<step title="Incoming Request" date="2025-09-28T21:04:59.636" instance="633cb8" url="/api/scm" method="DELETE" type="request" pid="768,1,5" Host="book-finder-app-1759067134.scm.azurewebsites.net" User-Agent="Azure-WebSites-Controller/105.0.7.92" Authorization="Bas..." x-ms-request-id="793e4456-1950-4708-a208-8635de9de17f" X-ARR-LOG-ID="793e4456-1950-4708-a208-8635de9de17f" CLIENT-IP="20.212.64.2:3969" X-SITE-DEPLOYMENT-ID="book-finder-app-1759067134" WAS-DEFAULT-HOSTNAME="book-finder-app-1759067134.scm.azurewebsites.net" X-MS-PLATFORM-INTERNAL="True" X-Forwarded-Proto="https" X-AppService-Proto="https" X-Forwarded-TlsVersion="1.3" X-WAWS-Unencoded-URL="/api/scm" X-Client-IP="20.212.64.2" X-Client-Port="3969" >
  <step title="Acquiring Deployment Lock" date="2025-09-28T21:04:59.676" /><!-- duration: 4ms -->
  <step title="Acquired Deployment Lock" date="2025-09-28T21:04:59.721" /><!-- duration: 2ms -->
  <step title="Deleting repository" date="2025-09-28T21:04:59.725" /><!-- duration: 457ms -->
  <step title="Delete auto swap lock file" date="2025-09-28T21:05:00.185" /><!-- duration: 6ms -->
  <step title="Deleting ssh key" date="2025-09-28T21:05:00.193" /><!-- duration: 7ms -->
  <step title="Updating initial deployment manifest" date="2025-09-28T21:05:00.202" /><!-- duration: 112ms -->
  <step title="Deleting deployment cache" date="2025-09-28T21:05:00.318" /><!-- duration: 30ms -->
  <step title="Releasing Deployment Lock" date="2025-09-28T21:05:00.350" /><!-- duration: 2ms -->
  <step title="Outgoing response" date="2025-09-28T21:05:00.358" type="response" statusCode="200" statusText="OK" /><!-- duration: 3ms -->
</step><!-- duration: 726ms -->
