﻿<?xml version="1.0" encoding="utf-8"?>
<deployment>
  <id>0ee7c90d-5b9b-4fae-a7d3-46bcabdcc664</id>
  <author>N/A</author>
  <deployer>Push-Deployer</deployer>
  <authorEmail>N/A</authorEmail>
  <message>Created via a push deployment</message>
  <progress></progress>
  <status>Success</status>
  <statusText></statusText>
  <lastSuccessEndTime>2025-09-28T21:26:18.197864Z</lastSuccessEndTime>
  <receivedTime>2025-09-28T21:26:09.4811045Z</receivedTime>
  <startTime>2025-09-28T21:26:10.8588127Z</startTime>
  <endTime>2025-09-28T21:26:18.197864Z</endTime>
  <complete>True</complete>
  <is_temp>False</is_temp>
  <is_readonly>True</is_readonly>
  <buildSummary />
</deployment>