<step title="Incoming Request" date="2025-09-28T21:01:50.617" instance="633cb8" url="/deploy?scmType=ExternalGit&amp;isAsync=true" method="POST" type="request" pid="770,1,5" Host="book-finder-app-1759067134.scm.azurewebsites.net" User-Agent="Azure-WebSites-Controller/105.0.7.92" Authorization="Bas..." Expect="100-continue" Content-Length="85" x-ms-request-id="9f960803-7cce-4692-a1ce-a459955104e3" X-ARR-LOG-ID="9f960803-7cce-4692-a1ce-a459955104e3" CLIENT-IP="20.212.64.2:2370" X-SITE-DEPLOYMENT-ID="book-finder-app-1759067134" WAS-DEFAULT-HOSTNAME="book-finder-app-1759067134.scm.azurewebsites.net" X-MS-PLATFORM-INTERNAL="True" X-Forwarded-Proto="https" X-AppService-Proto="https" X-Forwarded-TlsVersion="1.3" X-WAWS-Unencoded-URL="/deploy?scmType=ExternalGit&amp;isAsync=true" X-Client-IP="20.212.64.2" X-Client-Port="2370" >
  <step title="FetchHandler" date="2025-09-28T21:01:50.657" >
    <step title="GitExeRepository.Initialize" date="2025-09-28T21:01:50.753" >
      <step title="Executing external process" date="2025-09-28T21:01:50.763" type="process" path="git" arguments="init" /><!-- duration: 262ms -->
      <step title="Executing external process" date="2025-09-28T21:01:51.035" type="process" path="git" arguments="config core.autocrlf false" /><!-- duration: 26ms -->
      <step title="Executing external process" date="2025-09-28T21:01:51.064" type="process" path="git" arguments="config core.preloadindex true" /><!-- duration: 29ms -->
      <step title="Executing external process" date="2025-09-28T21:01:51.101" type="process" path="git" arguments="config user.name &quot;unknown&quot;" /><!-- duration: 25ms -->
      <step title="Executing external process" date="2025-09-28T21:01:51.131" type="process" path="git" arguments="config user.email &quot;unknown&quot;" /><!-- duration: 22ms -->
      <step title="Executing external process" date="2025-09-28T21:01:51.155" type="process" path="git" arguments="config filter.lfs.clean &quot;git-lfs clean %f&quot;" /><!-- duration: 24ms -->
      <step title="Executing external process" date="2025-09-28T21:01:51.183" type="process" path="git" arguments="config filter.lfs.smudge &quot;git-lfs smudge %f&quot;" /><!-- duration: 22ms -->
      <step title="Executing external process" date="2025-09-28T21:01:51.209" type="process" path="git" arguments="config filter.lfs.required true" /><!-- duration: 28ms -->
      <step title="Configure git server" date="2025-09-28T21:01:51.239" >
        <step title="Executing external process" date="2025-09-28T21:01:51.241" type="process" path="git" arguments="config receive.denyCurrentBranch ignore" /><!-- duration: 25ms -->
      </step><!-- duration: 29ms -->
      <step title="Create deny users for .git folder" date="2025-09-28T21:01:51.270" /><!-- duration: 37ms -->
      <step title="Configure git-credential" date="2025-09-28T21:01:51.309" >
        <step title="Executing external process" date="2025-09-28T21:01:51.337" type="process" path="git" arguments="config credential.helper &quot;!&apos;/home/site/repository/.git/hooks/git-credential-invalid.sh&apos;&quot;" /><!-- duration: 24ms -->
      </step><!-- duration: 54ms -->
      <step title="Setup post receive hook" date="2025-09-28T21:01:51.365" >
        <step title="Non-Windows enviroment, granting 755 permission to post-receive hook file" date="2025-09-28T21:01:51.386" /><!-- duration: 26ms -->
      </step><!-- duration: 56ms -->
    </step><!-- duration: 669ms -->
    <step title="Executing external process" date="2025-09-28T21:01:51.424" type="process" path="git" arguments="log -n 1 main --" >
      <step title="Process dump" date="2025-09-28T21:01:51.457" exitCode="128" type="processOutput" /><!-- duration: 2ms -->
    </step><!-- duration: 37ms -->
    <step title="Start deployment in the background" date="2025-09-28T21:01:51.464" >
      <step title="Executing external process" date="2025-09-28T21:01:51.497" type="process" path="git" arguments="rev-parse --git-dir" /><!-- duration: 21ms -->
      <step title="Executing external process" date="2025-09-28T21:01:51.521" type="process" path="git" arguments="rev-parse --git-dir" /><!-- duration: 29ms -->
      <step title="Executing external process" date="2025-09-28T21:01:51.557" type="process" path="git" arguments="log -n 1 main --" >
        <step title="Process dump" date="2025-09-28T21:01:51.656" exitCode="128" type="processOutput" /><!-- duration: 21ms -->
      </step><!-- duration: 124ms -->
      <step title="Acquiring Deployment Lock" date="2025-09-28T21:01:51.683" /><!-- duration: 2ms -->
      <step title="Acquired Deployment Lock" date="2025-09-28T21:01:51.797" /><!-- duration: 9ms -->
    </step><!-- duration: 403ms -->
  </step><!-- duration: 1214ms -->
  <step title="Outgoing response" date="2025-09-28T21:01:51.877" type="response" statusCode="202" statusText="Accepted" /><!-- duration: 2ms -->
</step><!-- duration: 1263ms -->
