<step title="BackgroundTrace" date="2025-09-28T21:01:51.469" instance="633cb8" url="/deploy" method="POST" >
  <step title="Creating temporary deployment - FetchDeploymentManager" date="2025-09-28T21:01:51.807" /><!-- duration: 3ms -->
  <step title="Creating temporary deployment" date="2025-09-28T21:01:51.813" /><!-- duration: 52ms -->
  <step title="Performing fetch based deployment" date="2025-09-28T21:01:52.067" >
    <step title="Deployment timer started" date="2025-09-28T21:02:32.182" >
      <step title="DeploymentManager.Deploy(id:222d8b7763d238224eaa360252d85702cf9ec3a1)" date="2025-09-28T21:02:32.200" >
        <step title="Collecting changeset information" date="2025-09-28T21:02:32.300" /><!-- duration: 197ms -->
        <step title="Updating submodules" date="2025-09-28T21:02:32.526" /><!-- duration: 1369ms -->
        <step title="Determining deployment builder" date="2025-09-28T21:02:34.432" >
          <step title="Builder is BasicBuilder" date="2025-09-28T21:02:34.670" /><!-- duration: 27ms -->
        </step><!-- duration: 277ms -->
        <step title="PreDeployment: context.CleanOutputPath False" date="2025-09-28T21:02:34.885" >
          <step title="PreDeployment: context.OutputPath /home/site/wwwroot" date="2025-09-28T21:02:35.157" >
            <step title="Building" date="2025-09-28T21:02:35.452" >
              <step title="Executing external process" date="2025-09-28T21:02:36.016" type="process" path="starter.sh" arguments="/opt/Kudu/Scripts/parallel_rsync.sh /home/site/repository /home/site/wwwroot 8 /tmp/ False True  " /><!-- duration: 28883ms -->
              <step title="Triggering recycle (preview mode disabled)." date="2025-09-28T21:03:05.147" /><!-- duration: 14ms -->
              <step title="Modified file to trigger a restart of the app container." date="2025-09-28T21:03:05.205" /><!-- duration: 2ms -->
              <step title="Skip function trigger and logicapp sync because function is not enabled." date="2025-09-28T21:03:05.212" /><!-- duration: 10ms -->
            </step><!-- duration: 30415ms -->
          </step><!-- duration: 30712ms -->
          <step title="Cleaning up temp files" date="2025-09-28T21:03:05.870" /><!-- duration: 3ms -->
          <step title="Cleaning up temp files" date="2025-09-28T21:03:05.887" /><!-- duration: 506ms -->
          <step title="Reloading status file with latest updates" date="2025-09-28T21:03:06.457" >
            <step title="WebHooksManager.PublishEventAsync: PostDeployment" date="2025-09-28T21:03:06.463" /><!-- duration: 155ms -->
          </step><!-- duration: 163ms -->
          <step title="Cleaning up temporary deployment - fetch deployment was successful" date="2025-09-28T21:03:06.632" /><!-- duration: 2ms -->
        </step><!-- duration: 31829ms -->
      </step><!-- duration: 34522ms -->
