<step title="BackgroundTrace" date="2025-09-28T21:26:04.004" instance="633cb8" url="/api/zipdeploy" method="POST" >
  <step title="Cleanup Xml Logs" date="2025-09-28T21:26:04.022" /><!-- duration: 22ms -->
  <step title="Creating temporary deployment - FetchDeploymentManager" date="2025-09-28T21:26:04.360" /><!-- duration: 22ms -->
  <step title="Creating temporary deployment" date="2025-09-28T21:26:04.418" /><!-- duration: 361ms -->
  <step title="Performing fetch based deployment" date="2025-09-28T21:26:04.915" >
    <step title="Cleaning up temp folders from previous zip deployments and extracting pushed zip file /tmp/zipdeploy/9ec0ac64-f7f4-4427-a133-27fcedff8e1b.zip (42.77 MB) to /tmp/zipdeploy/extracted" date="2025-09-28T21:26:06.192" >
      <step title="ChmodRecursive Process exited with total time taken in ms: 157" date="2025-09-28T21:26:07.345" /><!-- duration: 9ms -->
    </step><!-- duration: 1165ms -->
    <step title="Deployment timer started" date="2025-09-28T21:26:09.387" >
      <step title="DeploymentManager.Deploy(id:0ee7c90d-5b9b-4fae-a7d3-46bcabdcc664)" date="2025-09-28T21:26:09.396" >
        <step title="Collecting changeset information" date="2025-09-28T21:26:09.434" /><!-- duration: 109ms -->
        <step title="Updating submodules" date="2025-09-28T21:26:09.546" /><!-- duration: 1120ms -->
        <step title="Determining deployment builder" date="2025-09-28T21:26:10.926" >
          <step title="Builder is BasicBuilder" date="2025-09-28T21:26:10.965" /><!-- duration: 18ms -->
        </step><!-- duration: 66ms -->
        <step title="PreDeployment: context.CleanOutputPath False" date="2025-09-28T21:26:11.338" >
          <step title="PreDeployment: context.OutputPath /home/site/wwwroot" date="2025-09-28T21:26:11.465" >
            <step title="Building" date="2025-09-28T21:26:11.607" >
              <step title="Executing external process" date="2025-09-28T21:26:12.054" type="process" path="starter.sh" arguments="/opt/Kudu/Scripts/parallel_rsync.sh /tmp/zipdeploy/extracted /home/site/wwwroot 8 /tmp/ False True  " /><!-- duration: 5205ms -->
              <step title="Triggering recycle (preview mode disabled)." date="2025-09-28T21:26:17.774" /><!-- duration: 11ms -->
              <step title="Modified file to trigger a restart of the app container." date="2025-09-28T21:26:17.809" /><!-- duration: 2ms -->
              <step title="Skip function trigger and logicapp sync because function is not enabled." date="2025-09-28T21:26:17.818" /><!-- duration: 8ms -->
            </step><!-- duration: 6867ms -->
          </step><!-- duration: 7014ms -->
          <step title="Cleaning up temp files" date="2025-09-28T21:26:18.482" /><!-- duration: 3ms -->
          <step title="Cleaning up temp files" date="2025-09-28T21:26:18.488" /><!-- duration: 521ms -->
          <step title="Reloading status file with latest updates" date="2025-09-28T21:26:19.062" >
            <step title="WebHooksManager.PublishEventAsync: PostDeployment" date="2025-09-28T21:26:19.067" /><!-- duration: 91ms -->
          </step><!-- duration: 98ms -->
          <step title="Cleaning up temporary deployment - fetch deployment was successful" date="2025-09-28T21:26:19.163" /><!-- duration: 1ms -->
        </step><!-- duration: 7909ms -->
      </step><!-- duration: 9864ms -->
