<step title="Incoming Request" date="2025-09-28T21:25:27.594" instance="633cb8" url="/api/zipdeploy?isAsync=true" method="POST" type="request" pid="770,1,23" Accept="*/*" Host="book-finder-app-1759067134.scm.azurewebsites.net" User-Agent="AZURECLI/2.77.0" Accept-Encoding="gzip, deflate" Authorization="Bas..." Cache-Control="no-cache" Content-Type="application/octet-stream" Content-Length="44849043" x-ms-client-request-id="a3b88eb7-9cb1-11f0-8cbd-00155d3ffd6f" x-ms-artifact-checksum="a3fc016527ecbd53f094a5d5704d8578f44cec23a3c1acb90ed91268294e1804" X-ARR-LOG-ID="a3b88eb7-9cb1-11f0-8cbd-00155d3ffd6f" CLIENT-IP="114.111.212.110:54589" X-SITE-DEPLOYMENT-ID="book-finder-app-1759067134" WAS-DEFAULT-HOSTNAME="book-finder-app-1759067134.scm.azurewebsites.net" X-Forwarded-Proto="https" X-AppService-Proto="https" X-Forwarded-TlsVersion="1.3" X-WAWS-Unencoded-URL="/api/zipdeploy?isAsync=true" X-Client-IP="114.111.212.110" X-Client-Port="54589" >
  <step title="Cleanup Xml Logs" date="2025-09-28T21:25:27.607" /><!-- duration: 4ms -->
  <step title="ZipPushDeploy" date="2025-09-28T21:25:27.704" >
    <step title="ZipDeploy. Extract zip. Remote build." date="2025-09-28T21:25:27.722" /><!-- duration: 2ms -->
    <step title="None repository commit" date="2025-09-28T21:25:27.732" >
      <step title="Commit id: 0ee7c90d-5b9b-4fae-a7d3-46bcabdcc664" date="2025-09-28T21:25:27.734" Message="N/A" AuthorName="N/A" AuthorEmail="N/A" /><!-- duration: 1ms -->
    </step><!-- duration: 6ms -->
    <step title="Starting PushDeployAsync" date="2025-09-28T21:25:27.740" /><!-- duration: 2ms -->
    <step title="Writing artifact to /tmp/zipdeploy/9ec0ac64-f7f4-4427-a133-27fcedff8e1b.zip" date="2025-09-28T21:25:27.765" >
      <step title="Writing multipart request body to /tmp/zipdeploy/9ec0ac64-f7f4-4427-a133-27fcedff8e1b.zip" date="2025-09-28T21:25:27.776" /><!-- duration: 9ms -->
    </step><!-- duration: 36160ms -->
    <step title="Start deployment in the background" date="2025-09-28T21:26:03.993" >
      <step title="Acquiring Deployment Lock" date="2025-09-28T21:26:04.075" /><!-- duration: 38ms -->
      <step title="Acquired Deployment Lock" date="2025-09-28T21:26:04.312" /><!-- duration: 38ms -->
    </step><!-- duration: 805ms -->
  </step><!-- duration: 37126ms -->
  <step title="Outgoing response" date="2025-09-28T21:26:04.868" type="response" statusCode="202" statusText="Accepted" /><!-- duration: 10ms -->
</step><!-- duration: 37291ms -->
